date,CS:GO,Counter-Strike,Global Offensive,CS2,Valve CS,CS:GO Major,Major Championship,tournament,IEM Katowice,ESL One,PGL Major,BLAST Premier,DreamHack,Faceit Major,ESEA league,CS:GO Finals,CS:GO Playoffs,Valve Major,CS:GO esports,CS2 update,CS:GO qualifiers,CS:GO playoff match,CS:GO grand finals,CS:GO patch,Operation Riptide,Operation Broken Fang,Operation Hydra,Operation Wildfire,CS:GO skins,CS:GO trade,CS:GO market,CS:GO knives,CS:GO case,CS:GO trading platform,CS:GO keys,CS:GO AK-47 skins,CS:GO AWP skins,CS:GO knives market,CS:GO sticker,CS:GO graffiti,CS:GO VAC ban,CS:GO hacking,CS2 VAC system,CS:GO pro players,CS:GO best team,CS:GO news,CS:GO highlights,CS:GO funny moments,CS:GO maps,CS:GO Mirage,CS:GO Dust 2,CS:GO Inferno
2004-01-01,0,100,0,1,77,0,0,33,0,0,0,0,0,0,0,0,0,0,0,0,0,0,0,0,0,0,0,0,0,0,0,0,0,0,0,0,0,0,0,0,0,0,0,0,0,0,0,0,0,0,0,0
2004-02-01,0,92,0,1,69,0,0,49,0,3,0,0,3,0,0,0,0,0,0,0,0,0,0,0,0,0,0,0,0,0,0,0,0,0,0,0,0,0,0,0,0,0,0,0,0,0,0,0,0,0,0,0
2004-03-01,0,88,0,2,62,0,0,100,0,0,0,0,0,0,0,0,0,0,0,0,0,0,0,0,0,0,0,0,0,0,0,0,0,0,0,0,0,0,0,0,0,0,0,0,0,0,0,0,0,0,0,0
2004-04-01,0,82,0,2,75,0,27,45,0,0,0,0,2,0,0,0,0,0,0,0,0,0,0,0,0,0,0,0,0,0,0,0,0,0,0,0,0,0,0,0,0,0,0,0,0,0,0,0,0,0,0,0
2004-05-01,0,68,0,3,43,0,0,40,0,0,0,0,2,0,0,0,0,0,0,0,0,0,0,0,0,0,0,0,0,0,0,0,0,0,0,0,0,0,0,0,0,0,0,0,0,0,0,0,0,0,0,0
2004-06-01,0,66,0,2,59,0,0,41,0,2,0,0,6,0,0,0,0,0,0,0,0,0,0,0,0,0,0,0,0,0,0,0,0,0,0,0,0,0,0,0,0,0,0,0,0,0,0,0,0,0,0,0
2004-07-01,0,73,0,2,60,0,27,40,0,0,0,0,0,0,0,0,0,0,0,0,0,0,0,0,0,0,0,0,0,0,0,0,0,0,0,0,0,0,0,0,0,0,0,0,0,0,0,0,0,0,0,0
2004-08-01,0,66,0,3,94,0,26,34,0,0,0,0,2,0,0,0,0,0,0,0,0,0,0,0,0,0,0,0,0,0,0,0,0,0,0,0,0,0,0,0,0,0,0,0,0,0,0,0,0,0,0,0
2004-09-01,0,55,0,2,67,0,17,28,0,2,0,0,5,0,0,0,0,0,0,0,0,0,0,0,0,0,0,0,0,0,0,0,0,0,0,100,0,100,0,0,0,0,0,0,0,0,0,0,0,0,0,0
2004-10-01,0,64,0,3,93,0,29,26,0,0,0,0,4,0,0,0,0,0,0,0,0,0,0,0,0,0,0,0,0,0,0,0,0,0,0,0,0,0,0,0,0,0,0,0,0,0,0,0,0,0,0,0
2004-11-01,0,54,0,3,76,0,0,28,0,2,0,0,15,0,0,0,0,0,0,0,0,0,0,0,0,0,0,0,0,0,0,0,0,0,0,0,0,0,0,0,0,0,0,0,0,0,0,0,0,0,0,0
2004-12-01,0,63,0,3,100,0,0,28,0,0,0,0,4,0,0,0,0,0,0,0,0,0,0,0,0,0,0,0,0,0,0,0,0,0,0,0,0,0,0,0,0,0,0,0,0,0,0,0,0,0,0,0
2005-01-01,0,59,0,2,88,0,13,30,0,0,0,0,2,0,0,0,0,0,0,0,0,0,0,0,0,0,0,0,0,0,0,0,0,0,0,0,0,0,0,0,0,0,0,0,0,0,0,0,0,0,0,0
2005-02-01,0,54,0,2,66,0,0,39,0,0,0,0,1,0,0,0,0,0,0,0,0,0,0,0,0,0,0,0,0,0,0,0,0,0,0,0,0,0,0,0,0,0,0,0,0,0,0,0,0,0,0,0
2005-03-01,0,49,0,3,66,0,18,76,0,2,0,0,3,0,0,0,0,0,0,0,0,0,0,0,0,0,0,0,0,0,0,0,0,0,0,0,0,0,0,0,0,0,0,0,0,0,0,0,0,0,0,0
2005-04-01,0,44,0,27,75,0,25,29,0,2,0,0,2,0,0,0,0,0,0,0,0,0,0,0,0,0,0,0,0,0,0,0,0,0,0,0,0,0,0,0,0,0,0,0,0,0,0,0,0,0,0,0
2005-05-01,0,41,0,54,56,0,0,32,0,2,0,0,2,0,0,0,0,0,0,12,0,0,0,0,0,0,0,0,0,0,0,0,0,0,0,0,0,0,0,0,0,0,0,0,0,0,0,0,0,0,0,0
2005-06-01,0,39,0,51,46,0,16,31,0,1,0,0,8,0,0,0,0,0,0,16,0,0,0,0,0,0,0,0,0,0,0,0,0,0,0,0,0,0,0,0,0,0,0,0,0,0,0,0,0,0,0,0
2005-07-01,0,41,1,53,59,0,34,32,0,0,0,0,5,0,0,0,0,0,0,12,0,0,0,0,0,0,0,0,0,0,0,0,0,0,0,0,0,0,0,0,0,0,0,0,0,0,0,0,0,0,0,0
2005-08-01,0,37,0,56,51,0,29,28,0,0,0,0,5,0,0,0,0,0,0,11,0,0,0,0,0,0,0,0,0,0,0,0,0,0,0,0,0,0,0,0,0,0,0,0,0,0,0,0,0,0,0,0
2005-09-01,0,33,0,60,53,0,11,22,0,2,0,0,3,0,0,0,0,0,0,15,0,0,0,0,0,0,0,0,0,0,0,0,0,0,0,0,0,0,0,0,0,0,0,0,0,0,0,0,0,0,0,0
2005-10-01,0,32,0,59,42,0,10,22,0,2,0,0,6,0,0,0,0,0,0,18,0,0,0,0,0,0,0,0,0,0,0,0,0,0,0,0,0,0,0,0,0,0,0,0,0,0,0,0,0,0,0,0
2005-11-01,0,30,0,56,44,0,16,24,0,2,0,0,12,0,0,0,0,0,0,17,0,0,0,0,0,0,0,0,0,0,0,0,0,0,0,0,0,0,0,0,0,0,0,0,0,0,0,0,0,0,0,0
2005-12-01,0,34,0,60,49,0,0,25,0,2,0,0,4,0,0,0,0,0,0,15,0,0,0,0,0,0,0,0,0,0,0,0,0,0,0,0,0,0,0,0,0,0,0,0,0,0,0,0,0,0,0,0
2006-01-01,0,33,0,59,66,0,8,26,0,2,0,0,2,0,0,0,0,0,0,23,0,0,0,0,0,0,0,0,0,0,0,0,0,0,0,0,0,0,0,0,0,0,0,0,0,0,0,100,0,0,0,0
2006-02-01,0,31,0,61,56,0,10,30,0,2,0,0,2,0,0,0,0,0,0,13,0,0,0,0,0,0,0,0,0,0,0,0,0,0,0,0,0,0,0,0,0,0,0,0,0,0,0,0,0,0,0,0
2006-03-01,0,27,0,60,52,0,21,72,0,2,0,0,3,0,19,0,0,0,0,17,0,0,0,0,0,0,0,0,0,0,0,0,0,0,0,0,0,0,0,0,0,0,0,0,0,0,0,0,0,0,0,0
2006-04-01,0,27,0,60,54,0,27,26,0,1,0,0,3,0,0,0,0,0,0,17,0,0,0,0,0,0,0,0,0,0,0,0,0,0,0,0,0,0,0,0,0,0,0,0,0,0,0,0,0,0,0,0
2006-05-01,0,24,0,57,45,0,11,27,0,2,0,0,2,0,0,0,0,0,0,20,0,0,0,0,0,0,0,0,0,0,0,0,0,0,0,0,0,0,0,0,0,0,0,0,0,0,0,0,0,0,0,0
2006-06-01,0,24,0,57,44,0,22,26,0,2,0,0,11,0,0,0,0,0,0,20,0,0,0,0,0,0,0,0,0,0,0,0,0,0,0,0,0,0,0,0,0,0,0,0,0,0,0,0,0,0,0,0
2006-07-01,0,24,0,61,51,0,21,28,0,2,0,0,3,0,0,0,0,0,0,24,0,0,0,0,0,0,0,0,0,0,0,0,0,0,0,0,0,0,0,29,0,0,0,0,0,0,0,0,0,0,0,0
2006-08-01,0,24,0,67,46,0,51,25,0,2,0,0,2,0,0,0,0,0,0,24,0,0,0,0,0,0,0,0,0,0,0,0,2,0,0,0,0,0,0,0,0,0,0,0,0,0,0,0,0,0,0,0
2006-09-01,0,21,0,67,38,0,13,19,0,2,0,0,4,0,0,0,0,0,0,25,0,0,100,0,0,0,0,0,0,0,0,0,0,0,0,0,0,0,0,0,0,0,0,0,0,0,0,0,0,0,0,0
2006-10-01,0,22,0,66,46,0,20,19,0,1,0,5,8,0,0,0,0,0,0,24,0,0,0,0,0,0,0,0,0,0,0,0,0,0,0,0,0,0,0,0,0,0,0,0,0,0,0,0,0,0,0,0
2006-11-01,0,20,0,64,43,0,12,20,0,2,0,0,10,0,0,0,0,0,0,24,0,0,0,0,0,0,0,0,0,0,0,0,0,0,0,0,0,0,0,0,0,0,0,0,0,0,0,0,0,0,0,0
2006-12-01,0,24,0,71,47,0,6,22,0,1,0,0,11,0,0,0,0,0,0,22,0,0,0,0,0,0,0,0,0,0,0,0,0,0,0,0,0,0,0,0,0,0,0,0,0,0,0,0,0,0,0,0
2007-01-01,0,23,0,69,39,0,14,22,0,1,0,0,3,0,0,0,0,0,0,18,0,0,0,0,0,0,0,0,0,0,0,0,0,0,0,0,0,0,0,0,0,0,0,0,0,0,0,0,0,0,0,0
2007-02-01,0,22,0,71,43,0,10,29,0,2,0,0,3,0,0,0,0,10,0,21,0,0,0,0,0,0,0,0,0,0,0,0,0,0,0,0,0,0,0,0,0,0,0,0,0,0,0,0,0,0,0,0
2007-03-01,0,20,0,73,38,0,12,67,0,1,0,0,4,0,0,0,0,0,0,24,0,0,0,0,0,0,0,0,0,0,0,0,0,0,0,0,0,0,0,0,0,0,0,0,0,0,0,0,0,0,0,0
2007-04-01,0,20,0,75,35,0,17,25,0,1,0,0,3,0,0,0,0,0,0,21,0,0,0,0,0,0,0,0,0,0,0,0,0,0,0,0,0,0,0,0,0,0,0,0,0,0,0,0,0,0,0,0
2007-05-01,0,18,0,66,38,0,14,25,0,2,0,0,3,0,0,0,0,0,0,21,0,0,0,0,0,0,0,0,0,0,0,0,0,0,0,0,0,0,0,0,0,0,0,0,0,0,0,0,0,0,0,0
2007-06-01,0,19,0,66,39,0,20,25,0,2,0,0,11,0,0,0,0,0,0,22,0,0,0,0,0,0,0,0,0,0,0,0,0,0,0,0,0,0,0,0,23,0,0,0,0,0,0,0,0,0,0,0
2007-07-01,0,19,0,62,42,0,11,26,0,1,0,0,2,0,0,0,0,0,0,20,0,0,0,0,0,0,0,0,0,0,0,0,0,0,0,0,0,0,0,0,0,0,0,0,0,0,0,0,0,0,0,0
2007-08-01,0,18,0,56,42,0,36,23,0,2,0,0,2,0,0,0,0,0,0,14,0,0,0,0,0,0,0,0,0,0,0,0,0,0,0,0,0,0,0,0,0,0,0,0,0,0,0,0,0,0,0,0
2007-09-01,0,18,0,58,32,0,15,19,0,2,0,0,7,0,0,0,0,0,0,15,0,0,0,0,0,0,0,0,0,0,0,0,0,0,0,30,0,0,0,0,0,0,0,0,0,0,0,0,0,0,0,0
2007-10-01,0,17,0,57,47,0,15,22,0,1,0,0,5,0,0,0,0,14,0,14,0,0,0,0,0,0,0,0,0,0,0,0,0,0,0,0,0,0,0,0,0,0,0,0,0,0,0,0,0,0,0,0
2007-11-01,0,17,0,53,38,0,9,24,0,1,0,0,18,0,0,0,0,0,0,13,0,0,0,0,0,0,0,0,0,0,0,0,0,0,0,0,0,0,0,0,0,0,0,0,0,0,0,0,0,0,0,0
2007-12-01,0,20,0,52,45,0,11,25,0,1,0,4,16,0,0,0,0,0,0,18,0,0,0,0,0,0,0,0,0,0,0,0,0,0,0,0,0,0,0,0,0,0,0,0,0,0,0,0,0,0,0,0
2008-01-01,0,19,0,54,45,0,11,24,0,1,0,0,3,0,0,0,0,0,0,15,0,0,0,0,0,0,0,0,0,0,0,0,0,0,0,0,0,0,0,0,0,0,0,0,0,0,0,0,0,0,0,0
2008-02-01,0,19,0,50,42,0,10,28,0,1,0,0,4,0,0,0,0,8,0,13,0,0,0,0,0,0,0,0,0,0,0,0,0,0,0,0,0,0,0,0,0,0,0,0,0,0,0,0,0,0,0,0
2008-03-01,0,19,0,49,46,0,12,62,0,1,0,0,6,0,0,0,0,6,0,13,0,0,0,0,0,0,0,0,0,0,0,0,0,0,0,0,0,0,0,0,0,0,0,0,0,0,0,0,0,0,0,0
2008-04-01,0,16,0,46,42,0,17,25,0,2,0,0,4,0,0,0,0,0,0,13,0,0,0,0,0,0,0,0,0,0,0,0,0,0,0,0,0,0,0,0,0,0,0,0,0,0,0,0,0,0,0,0
2008-05-01,0,16,0,47,44,0,11,24,0,1,0,0,4,0,0,52,0,0,0,8,0,0,0,0,0,0,0,0,0,0,0,0,0,0,0,0,0,0,0,0,0,0,0,0,0,0,0,0,0,0,0,0
2008-06-01,0,16,0,48,44,0,27,23,0,1,0,0,13,0,0,0,0,0,0,11,0,0,0,0,0,0,0,0,0,0,0,0,0,0,0,0,0,0,0,0,0,0,0,0,0,0,0,0,0,0,0,0
2008-07-01,0,16,0,47,46,0,20,25,0,1,0,4,3,0,0,0,0,0,0,11,0,0,0,0,0,0,0,0,0,0,0,0,0,0,0,0,0,0,0,0,0,0,0,0,0,0,0,0,0,0,0,0
2008-08-01,0,16,0,50,49,0,17,20,0,2,0,3,4,0,0,0,0,0,0,11,0,0,0,0,0,0,0,0,0,0,0,0,0,0,0,0,0,0,0,0,0,0,0,0,0,0,0,0,0,0,0,0
2008-09-01,0,14,0,45,47,0,11,15,0,2,0,0,5,0,0,0,0,0,0,9,0,0,0,0,0,0,0,0,0,0,0,0,0,0,0,0,0,0,0,0,0,0,0,0,0,0,0,0,0,0,0,0
2008-10-01,0,15,0,45,51,0,15,15,0,2,0,0,4,0,0,0,0,5,0,9,0,0,0,0,0,0,0,0,0,0,0,0,0,0,0,0,0,0,0,0,0,0,0,0,0,0,0,0,0,0,0,0
2008-11-01,0,14,0,43,42,0,8,16,0,1,0,0,16,0,0,0,0,0,0,12,0,0,0,0,0,0,0,0,0,0,0,0,0,0,0,0,0,0,0,0,0,0,0,0,0,0,0,0,0,0,0,0
2008-12-01,0,15,0,39,52,0,6,18,0,1,0,0,6,0,0,0,0,0,0,8,0,0,0,0,0,0,0,0,0,0,0,0,0,0,0,0,0,0,0,0,0,0,0,0,0,0,0,0,0,0,0,0
2009-01-01,0,14,0,41,47,0,8,18,0,1,0,0,4,0,0,0,0,0,0,8,0,0,0,0,0,0,0,0,0,0,0,0,0,0,0,0,0,0,0,0,0,0,0,0,0,0,0,0,0,0,0,0
2009-02-01,0,14,0,39,46,0,8,23,0,2,0,0,4,0,0,0,0,0,0,10,0,0,0,0,0,0,0,0,0,0,0,0,0,0,0,0,0,0,0,0,0,0,0,0,0,0,0,0,0,0,0,0
2009-03-01,0,13,0,38,44,0,11,63,0,2,0,0,4,0,6,0,0,0,0,8,0,0,0,0,0,0,0,0,0,0,0,0,0,0,0,0,0,0,0,0,0,0,0,0,0,0,0,0,0,0,0,0
2009-04-01,0,10,0,37,40,0,15,24,0,1,0,0,4,0,4,0,0,6,0,7,0,0,0,0,0,0,0,0,0,0,0,0,0,0,0,0,0,0,0,0,0,65,0,0,0,0,0,0,0,0,0,0
2009-05-01,0,10,0,35,40,0,11,25,0,1,0,4,4,0,5,0,0,4,0,7,0,0,0,0,0,0,0,0,0,0,0,0,0,0,0,0,0,0,0,0,0,0,0,0,0,0,0,0,0,0,0,0
2009-06-01,0,9,0,35,47,0,19,22,0,2,0,3,13,0,6,0,0,0,0,8,0,100,0,0,0,0,0,0,0,0,0,0,0,0,0,0,0,0,0,0,0,0,0,0,0,0,0,0,0,0,0,0
2009-07-01,0,9,0,34,41,0,23,23,0,2,0,0,3,0,5,0,0,5,0,8,0,0,0,0,0,0,0,0,0,0,0,0,0,0,0,0,0,0,0,0,0,0,0,0,0,0,0,0,0,0,0,0
2009-08-01,0,9,0,36,44,0,27,20,0,1,0,2,4,0,6,0,0,4,0,7,0,0,0,0,0,0,0,0,0,0,0,0,0,0,0,0,0,0,0,0,0,0,0,0,0,0,0,0,0,0,0,0
2009-09-01,0,8,0,33,37,0,9,16,0,2,0,0,5,0,6,0,0,5,0,7,0,0,0,0,0,0,0,0,0,0,0,0,0,0,0,0,0,0,0,0,0,0,0,0,0,0,0,0,0,0,0,0
2009-10-01,0,8,0,32,37,0,9,18,0,2,0,0,6,0,5,0,0,4,0,6,0,0,0,0,0,0,0,0,0,0,0,0,0,0,0,0,0,0,0,0,0,0,0,0,0,0,0,0,0,0,0,0
2009-11-01,0,8,0,32,37,0,14,18,0,2,0,0,23,0,0,0,0,6,0,6,0,0,0,0,0,0,0,0,0,0,0,0,0,0,0,0,0,0,0,0,0,0,0,0,0,0,0,0,0,0,0,0
2009-12-01,0,9,0,31,43,0,9,18,0,2,0,2,6,0,0,0,0,0,0,5,0,0,0,0,0,0,0,0,0,0,0,0,0,0,0,0,0,0,0,0,0,0,0,0,0,0,0,0,0,0,0,0
2010-01-01,0,9,0,29,41,0,8,19,0,2,0,0,4,0,0,0,0,5,0,7,0,0,0,0,0,0,0,0,0,0,0,0,0,0,0,0,0,0,0,0,0,0,0,0,0,0,0,0,0,0,0,0
2010-02-01,0,8,0,29,41,0,8,23,0,2,0,3,4,0,5,0,0,6,0,6,0,0,0,0,0,0,0,0,0,0,0,0,0,0,0,0,0,0,0,0,0,0,0,0,0,0,0,0,0,0,0,0
2010-03-01,0,7,0,27,31,0,11,58,0,2,0,2,4,0,4,0,0,8,0,4,0,0,0,0,0,0,0,0,0,0,0,0,0,0,0,0,0,0,0,0,0,0,0,0,0,0,0,0,0,0,0,0
2010-04-01,0,6,0,27,32,0,22,25,0,2,0,0,3,0,8,0,0,11,0,5,0,0,0,0,0,0,0,0,0,0,0,0,0,0,0,0,0,0,0,0,0,0,0,0,0,0,0,0,0,0,0,0
2010-05-01,0,6,0,25,33,0,10,21,0,2,0,2,4,0,4,0,0,6,0,4,0,0,0,0,0,0,0,0,0,0,0,0,0,0,0,0,0,0,0,0,0,0,0,0,0,0,0,0,0,0,0,0
2010-06-01,0,7,0,24,36,0,13,23,0,2,0,2,15,0,0,0,0,0,0,5,0,0,0,0,0,0,0,0,0,0,0,0,0,0,0,0,0,0,0,0,0,0,0,0,0,0,0,0,0,0,0,0
2010-07-01,0,6,0,21,30,0,17,22,0,1,0,0,3,0,4,0,0,5,0,3,0,0,0,0,0,0,0,0,0,0,0,0,0,0,0,0,0,0,0,0,0,0,0,0,0,0,0,0,0,0,0,0
2010-08-01,0,6,0,23,32,0,22,18,0,2,0,0,4,0,3,0,0,6,0,4,0,0,0,0,0,0,0,0,0,0,0,0,0,0,0,0,0,0,0,0,0,0,0,0,0,0,0,0,0,0,0,0
2010-09-01,0,5,0,19,26,0,10,13,0,1,0,2,5,0,0,0,0,6,0,3,0,0,0,0,0,0,0,0,0,0,0,0,0,0,0,0,0,0,0,0,0,0,0,0,0,0,0,0,0,0,0,0
2010-10-01,0,6,0,18,32,0,10,13,0,2,0,1,7,0,0,0,0,5,0,3,0,0,0,0,0,0,0,0,0,0,0,0,0,0,0,0,0,0,0,0,0,0,0,0,0,0,0,0,0,0,0,0
2010-11-01,0,5,0,18,29,0,9,15,0,2,0,1,32,0,3,0,0,6,0,3,0,0,0,0,0,0,0,0,0,0,0,0,0,0,0,0,0,0,0,0,0,0,0,0,0,0,0,0,0,0,0,0
2010-12-01,0,6,0,17,30,0,8,15,0,1,0,0,5,0,0,0,0,6,0,4,0,0,0,0,0,0,0,0,0,0,0,0,0,0,0,0,0,0,0,0,0,0,0,0,0,0,0,0,0,0,0,0
2011-01-01,0,6,0,16,31,0,9,18,0,1,0,2,4,0,0,0,0,5,0,3,0,0,0,0,0,0,0,0,0,0,0,0,0,0,0,10,0,0,0,0,0,0,0,0,0,0,0,0,0,0,0,0
2011-02-01,0,6,0,15,29,0,8,22,0,2,0,0,4,0,4,0,0,7,0,3,0,0,0,0,0,0,0,1,0,0,0,0,0,0,0,0,0,0,0,0,0,0,0,0,0,0,0,0,0,0,0,0
2011-03-01,0,5,0,16,28,0,10,56,0,2,0,0,4,0,0,0,0,8,0,3,0,0,0,0,0,0,0,0,0,0,0,0,0,0,0,0,0,0,0,0,0,0,0,0,0,0,0,0,0,0,0,0
2011-04-01,0,5,0,15,27,0,21,20,0,1,0,2,15,0,0,0,0,9,0,3,0,0,0,0,0,0,1,0,0,0,0,0,0,0,0,0,0,0,0,0,0,0,0,0,0,0,0,0,0,0,0,0
2011-05-01,0,4,0,14,23,0,14,21,0,2,0,1,11,0,3,0,0,6,0,3,0,0,0,0,0,0,0,0,0,0,0,0,0,0,0,0,0,0,0,0,0,0,0,0,0,0,0,0,0,0,0,0
2011-06-01,0,5,0,13,25,0,18,22,0,2,0,0,100,0,0,0,0,3,0,2,0,0,0,0,0,0,0,0,0,0,0,0,0,0,0,0,0,0,0,0,0,0,0,0,0,0,0,0,0,0,0,0
2011-07-01,0,4,0,12,28,0,21,20,0,1,0,0,13,0,0,0,0,4,0,3,0,0,0,0,0,0,0,0,0,0,0,0,0,0,0,0,0,0,0,0,0,0,0,0,0,0,0,0,0,0,0,0
2011-08-01,1,5,15,13,34,0,20,17,0,1,0,2,10,0,0,0,0,3,0,3,0,0,0,0,0,0,0,0,0,0,0,0,0,0,0,0,0,0,0,0,0,0,0,0,0,0,0,0,0,0,0,0
2011-09-01,1,4,9,12,25,0,10,13,0,1,0,2,16,0,0,0,0,4,0,2,0,0,0,0,0,0,0,0,0,0,0,0,0,0,0,0,0,0,0,0,0,0,0,0,0,0,0,0,0,0,0,0
2011-10-01,1,5,11,11,23,0,10,14,0,2,0,0,8,0,2,0,0,8,0,2,0,0,0,0,0,0,0,0,0,0,0,0,0,0,2,0,0,0,0,0,0,0,0,0,0,0,0,0,0,0,0,0
2011-11-01,1,4,11,11,25,0,8,14,0,1,0,0,59,0,2,0,0,5,0,2,0,0,0,0,0,0,0,0,0,0,0,0,0,0,4,0,0,0,0,0,0,0,0,0,0,0,0,0,2,0,0,0
2011-12-01,2,5,23,10,27,0,10,15,0,1,0,1,9,0,0,0,0,3,0,3,0,0,0,0,0,0,0,0,0,0,0,0,0,0,11,0,0,0,0,0,0,0,0,0,0,0,0,0,3,0,0,0
2012-01-01,2,5,20,10,25,0,7,16,0,1,0,1,5,0,0,0,0,5,0,1,0,0,0,3,0,0,1,0,0,0,0,0,0,0,5,0,0,0,0,0,0,0,0,0,0,8,0,0,3,0,0,0
2012-02-01,2,5,24,10,24,0,8,21,0,2,0,1,6,0,0,0,0,7,0,3,0,0,0,3,0,0,0,0,0,0,0,0,0,0,11,0,0,0,0,0,0,0,0,0,0,6,0,0,3,0,0,0
2012-03-01,3,4,27,9,27,0,8,67,0,1,0,2,5,0,0,0,0,9,0,2,0,0,0,3,0,0,0,0,0,0,0,0,0,0,12,0,0,0,0,0,0,0,0,0,0,5,0,0,5,0,0,0
2012-04-01,3,4,25,9,25,0,19,19,0,1,0,2,14,0,0,0,0,10,0,2,0,0,0,4,0,0,0,0,0,1,0,0,0,0,11,0,0,0,0,0,0,0,0,0,0,9,0,0,5,0,0,0
2012-05-01,2,3,21,8,18,0,15,22,0,1,0,2,10,0,3,0,0,11,0,2,0,0,0,3,0,0,0,0,0,0,0,0,0,0,10,0,0,0,0,0,0,0,0,0,0,6,0,0,4,0,0,0
2012-06-01,3,4,23,8,24,0,20,24,0,1,0,1,71,0,2,0,0,5,0,1,0,0,0,3,0,0,0,0,0,0,0,0,0,0,9,0,0,0,0,0,0,0,0,0,0,0,0,0,5,0,0,0
2012-07-01,3,4,25,8,23,0,22,21,0,1,0,1,8,0,3,0,0,4,0,1,0,0,0,3,0,0,0,0,0,1,0,0,0,0,11,0,0,0,0,0,0,0,0,0,0,0,0,0,3,0,0,0
2012-08-01,14,5,100,7,33,0,25,16,0,1,0,1,7,0,3,0,0,5,0,2,0,0,0,15,0,0,0,0,2,1,0,0,0,0,10,0,0,0,0,5,0,0,0,0,0,21,0,0,38,0,0,0
2012-09-01,9,4,55,8,23,0,11,17,0,1,0,1,21,0,2,0,0,5,0,1,0,0,0,11,0,0,0,0,1,0,0,0,0,0,5,0,0,0,0,0,0,0,0,0,0,14,0,0,37,12,2,0
2012-10-01,5,3,31,7,20,0,11,15,0,1,0,0,12,0,4,0,0,9,0,1,0,0,0,9,0,0,0,0,1,0,0,0,0,0,3,0,0,0,0,0,0,0,0,0,0,8,0,0,19,6,0,0
2012-11-01,6,4,34,7,18,0,8,15,0,1,0,1,48,0,3,0,0,6,0,1,0,0,0,5,0,0,0,0,1,0,0,0,0,0,4,0,0,0,0,0,0,0,0,0,0,7,0,0,19,9,0,0
2012-12-01,6,3,29,6,19,0,6,15,2,1,0,0,6,0,0,0,0,6,0,1,0,0,0,8,0,0,0,0,1,0,0,0,0,0,3,0,0,0,0,0,0,0,0,0,0,6,0,0,21,9,0,2
2013-01-01,6,3,23,27,19,0,8,16,35,1,0,1,5,0,2,0,0,7,0,7,0,0,0,9,0,0,0,0,1,0,0,0,0,0,5,0,0,0,0,0,0,0,0,0,0,9,0,0,17,9,2,2
2013-02-01,6,3,22,12,26,0,8,21,2,2,0,1,5,0,3,0,0,10,0,3,0,0,0,9,0,0,0,0,1,0,0,0,0,0,4,0,0,0,0,0,0,0,0,0,0,9,0,0,22,8,4,3
2013-03-01,6,3,19,10,19,0,12,55,2,2,0,1,7,0,2,0,0,8,0,2,0,0,0,8,0,0,0,0,1,0,0,0,0,0,3,0,0,0,0,0,0,0,0,0,0,10,0,0,19,4,2,3
2013-04-01,6,2,17,9,15,0,19,22,1,2,0,2,16,0,2,0,0,8,0,2,0,0,0,7,0,0,0,0,1,0,0,0,0,0,4,0,0,0,0,3,0,0,0,0,0,5,0,0,15,5,3,0
2013-05-01,6,2,19,9,15,0,55,23,0,2,0,2,8,0,3,0,0,8,0,2,0,0,0,8,0,0,1,0,1,1,0,0,0,0,4,0,5,0,0,0,0,0,0,0,0,8,0,0,16,4,0,3
2013-06-01,6,2,17,8,15,0,19,20,0,2,0,1,56,0,3,0,0,5,0,1,0,0,0,6,2,0,0,0,1,1,0,0,0,0,3,0,0,0,0,0,0,0,0,0,0,5,0,0,16,14,2,3
2013-07-01,8,2,19,8,17,0,31,20,1,1,0,0,14,0,0,0,0,6,5,1,0,0,0,9,2,0,0,0,1,1,0,0,0,0,4,0,0,0,0,0,0,0,0,0,10,8,0,0,18,5,4,4
2013-08-01,10,2,19,8,19,0,35,16,1,1,0,1,6,0,2,0,0,5,30,2,0,0,0,15,1,0,1,0,6,5,5,0,4,0,13,0,0,0,0,0,0,0,0,6,0,19,0,0,20,7,5,4
2013-09-01,9,2,16,8,16,0,10,14,1,1,0,1,15,0,0,0,0,7,21,1,0,0,0,7,0,0,1,0,6,8,7,3,3,0,10,0,5,0,0,0,4,17,0,0,0,10,0,0,21,7,3,5
2013-10-01,8,2,14,7,13,0,9,13,1,2,0,1,7,0,2,0,0,7,14,1,0,0,0,7,0,0,1,0,6,7,6,3,2,0,9,0,0,0,0,0,0,23,0,0,0,9,0,0,15,3,4,5
2013-11-01,10,2,15,7,15,0,9,14,1,2,0,1,48,0,2,0,0,7,14,1,0,0,0,10,0,0,0,0,7,7,6,3,4,0,11,0,5,0,0,0,0,0,0,0,0,14,0,0,14,6,5,5
2013-12-01,16,2,23,7,17,0,8,14,3,1,0,1,16,0,0,18,0,7,30,1,0,0,0,9,0,0,0,0,12,14,13,6,6,0,16,0,11,0,0,0,8,0,0,4,11,9,0,0,24,7,6,5
2014-01-01,18,2,22,7,16,0,8,16,3,1,0,1,7,0,2,10,0,7,29,2,0,0,0,11,0,0,0,0,14,18,16,9,6,0,20,0,13,0,0,0,18,0,0,7,13,14,16,0,26,11,12,8
2014-02-01,18,2,19,7,16,1,7,19,5,3,0,1,9,0,2,0,0,8,29,1,0,0,0,30,0,0,0,0,13,17,18,10,8,0,20,0,18,0,26,0,13,0,0,5,0,21,17,0,24,10,10,7
2014-03-01,22,2,22,7,18,0,10,51,55,4,0,1,7,0,4,23,0,11,35,1,0,0,0,17,0,0,0,0,16,22,21,12,9,0,24,0,17,0,29,0,13,0,0,9,22,17,14,0,29,17,10,12
2014-04-01,26,1,20,6,15,0,14,18,2,5,0,1,21,0,5,0,0,9,44,1,0,0,0,15,0,0,0,0,19,27,28,16,14,0,32,6,24,0,23,0,14,21,0,13,20,13,0,0,31,19,13,14
2014-05-01,28,1,21,6,15,0,17,22,1,9,0,2,10,0,4,19,0,7,44,1,0,0,0,18,0,0,0,0,22,29,33,13,21,0,31,5,22,0,37,0,21,0,0,11,22,21,16,0,32,20,15,16
2014-06-01,26,1,20,5,16,0,12,20,1,19,0,2,57,0,3,35,0,6,30,1,0,0,0,15,0,0,0,0,21,26,27,12,12,0,30,6,20,6,28,0,25,0,0,16,18,18,18,0,32,19,16,12
2014-07-01,33,1,23,5,17,0,25,17,1,8,0,6,13,0,3,14,0,5,75,1,22,0,0,44,0,0,0,0,29,36,37,21,22,0,41,8,33,0,29,0,29,19,0,15,34,34,20,0,42,20,22,17
2014-08-01,46,1,26,5,20,1,30,16,1,34,0,3,7,0,6,45,0,6,83,1,0,0,0,29,0,0,1,0,39,48,44,28,27,0,58,8,46,0,43,0,31,35,0,28,45,37,19,0,53,38,26,27
2014-09-01,44,1,21,6,17,1,9,12,1,11,0,1,22,0,7,25,0,7,52,1,0,0,0,25,0,0,0,0,34,47,43,24,28,0,46,6,48,0,35,0,33,47,0,25,36,29,23,0,42,29,21,20
2014-10-01,43,1,21,6,17,0,9,12,1,17,0,1,12,0,2,51,0,8,44,1,19,0,0,30,0,0,0,0,30,46,39,21,28,0,51,6,39,4,49,0,44,39,0,25,39,44,29,0,44,28,19,23
2014-11-01,45,1,24,5,18,1,7,13,1,4,0,0,84,0,2,45,0,7,49,1,20,0,0,28,0,0,0,0,32,44,43,24,31,0,52,0,45,6,41,0,86,98,0,42,37,47,29,11,46,35,22,22
2014-12-01,59,1,29,5,21,1,10,13,2,3,0,1,15,0,11,52,0,7,57,2,0,0,0,44,0,0,0,0,44,60,55,34,38,0,73,9,58,0,45,0,63,80,0,42,47,37,39,0,57,67,29,26
2015-01-01,76,1,30,5,25,2,14,15,3,4,0,1,9,0,8,20,0,7,76,1,0,0,0,43,0,0,1,0,61,92,100,55,79,0,95,12,79,7,59,3,71,86,0,52,71,52,49,11,67,66,41,33
2015-02-01,77,1,26,5,21,2,9,19,8,14,0,1,8,0,8,20,0,11,74,1,41,0,0,39,0,0,0,0,57,82,81,45,56,0,98,11,76,7,57,5,77,73,0,65,77,53,27,11,72,69,38,42
2015-03-01,80,1,27,5,26,2,11,52,100,54,0,1,10,0,11,61,0,11,78,1,0,0,0,28,0,0,0,0,62,82,78,48,53,0,97,9,83,8,58,3,78,67,0,62,72,52,44,15,84,74,40,44
2015-04-01,94,1,26,5,26,2,18,18,2,13,0,1,15,0,9,81,0,10,70,1,0,0,0,85,0,0,1,0,79,94,94,52,70,0,97,15,86,5,62,0,99,90,0,73,69,74,26,15,86,94,43,42
2015-05-01,98,1,25,5,23,2,20,20,1,7,0,2,23,0,79,39,0,9,62,1,25,34,0,49,0,0,1,0,83,88,94,61,67,0,97,12,96,0,59,3,100,98,0,79,84,72,61,20,97,84,51,47
2015-06-01,94,1,27,4,25,2,18,19,1,29,0,4,46,0,100,64,0,6,61,1,33,0,0,43,0,0,1,0,86,89,88,58,52,0,99,10,100,8,54,0,94,72,0,74,89,59,57,25,88,78,49,42
2015-07-01,92,1,24,4,24,3,23,17,1,15,0,5,19,0,87,100,100,7,72,1,50,0,0,40,0,0,1,0,94,93,85,61,40,0,100,11,90,7,62,4,90,100,0,79,75,57,61,23,100,86,49,44
2015-08-01,100,1,24,4,24,5,30,18,1,100,0,2,11,0,20,98,0,7,81,1,56,0,0,37,0,0,0,0,91,86,82,60,43,0,92,11,94,7,83,3,91,79,0,98,100,58,100,39,92,100,49,49
2015-09-01,95,1,23,4,23,4,10,13,1,18,0,1,27,0,59,32,0,10,72,1,48,0,0,84,0,0,0,0,100,100,97,75,100,0,96,12,100,8,62,7,90,59,0,83,73,95,62,28,92,81,46,42
2015-10-01,93,1,23,5,22,9,15,14,1,16,0,1,62,1,65,52,0,9,97,1,17,0,0,47,0,0,0,0,88,94,83,68,51,0,87,13,80,8,100,4,80,53,0,94,76,66,87,33,92,83,44,46
2015-11-01,88,1,23,4,22,7,9,13,2,6,0,2,62,0,57,97,0,11,100,1,16,0,0,32,0,0,0,1,78,80,70,61,39,0,80,10,82,7,98,4,73,52,0,96,73,75,74,35,87,76,47,42
2015-12-01,95,1,27,4,34,4,9,13,2,8,0,2,12,0,68,66,0,7,64,1,0,0,0,99,0,0,0,0,84,83,75,67,65,0,85,8,82,0,74,3,77,58,0,100,51,100,78,28,96,78,46,39
2016-01-01,80,1,19,4,24,6,9,15,4,7,0,1,28,1,15,39,55,10,85,1,26,0,0,38,0,0,0,0,68,76,50,57,31,0,66,8,64,0,60,3,84,47,0,84,55,59,62,32,82,62,40,28
2016-02-01,80,1,19,5,23,9,9,19,12,9,0,1,9,0,36,17,0,14,97,1,100,0,0,44,0,0,0,100,71,74,52,82,38,0,63,9,65,5,64,3,79,53,0,81,56,62,64,30,90,59,41,28
2016-03-01,75,1,17,4,19,25,12,66,79,9,0,1,10,0,30,39,0,16,90,1,42,0,0,28,0,0,0,22,61,73,43,100,29,0,48,8,65,6,67,2,67,27,0,77,80,42,72,20,80,64,36,32
2016-04-01,76,1,16,4,21,20,22,19,2,34,0,2,38,0,25,77,69,12,95,1,36,0,0,25,0,0,0,12,70,76,40,90,29,0,52,9,67,8,70,6,76,45,0,90,67,56,81,27,78,80,39,55
2016-05-01,71,1,14,4,20,5,18,21,1,8,0,2,35,0,16,54,58,9,85,1,23,0,0,20,3,1,1,9,65,72,34,78,31,0,46,9,60,0,54,5,79,42,0,75,53,36,71,19,65,62,37,38
2016-06-01,69,1,16,4,20,8,23,21,1,32,0,2,22,0,10,48,0,10,73,1,48,0,0,30,0,0,1,11,63,85,37,86,34,0,46,7,47,5,46,0,99,45,0,65,54,50,59,20,64,52,31,22
2016-07-01,66,1,16,3,23,12,33,18,1,44,0,5,10,0,7,58,0,6,59,1,0,0,0,23,0,0,0,7,49,53,28,68,20,0,37,0,56,0,42,9,70,41,0,74,51,60,36,20,62,57,35,20
2016-08-01,50,1,12,3,17,4,13,14,1,5,0,2,7,0,13,16,0,6,41,0,0,0,0,23,0,0,0,4,35,46,21,39,18,0,27,0,41,0,29,3,60,34,0,61,35,40,45,23,45,48,31,17
2016-09-01,49,1,11,3,16,5,11,12,1,10,0,2,10,0,13,22,0,6,53,1,25,0,0,20,0,0,0,2,32,47,18,36,19,0,27,0,33,0,28,3,56,45,0,51,39,40,50,18,51,47,27,16
2016-10-01,54,1,11,3,15,5,14,11,1,16,0,1,6,1,11,69,0,8,65,0,0,0,0,22,0,0,0,2,33,53,18,36,20,0,22,0,33,4,26,100,57,30,0,55,38,40,44,20,49,47,29,100
2016-11-01,49,1,11,4,14,4,11,12,1,7,0,1,19,0,6,25,0,8,60,0,0,0,0,20,0,0,0,2,35,58,18,30,26,0,27,0,34,0,25,14,56,36,0,55,26,39,56,12,41,38,29,18
2016-12-01,55,1,13,3,15,12,9,12,2,5,0,1,5,0,6,58,0,8,55,1,75,0,0,25,0,0,0,2,40,64,17,33,23,0,29,0,37,0,26,15,52,26,0,68,40,35,44,0,45,43,30,14
2017-01-01,66,1,13,3,24,87,10,14,4,17,0,1,11,0,12,70,79,9,83,1,24,0,9,18,0,0,0,1,43,70,20,36,22,0,27,6,42,4,36,19,66,55,0,82,51,58,55,15,54,58,33,18
2017-02-01,59,1,11,4,18,11,9,19,38,5,0,2,33,0,14,18,77,11,90,1,27,0,0,19,0,0,0,2,43,82,18,38,24,0,31,5,45,0,32,20,65,59,0,66,47,52,52,11,57,62,61,32
2017-03-01,60,1,11,4,16,10,13,58,36,5,2,1,7,1,17,55,0,13,76,1,30,0,11,25,0,0,0,2,48,97,19,43,35,0,31,7,46,0,30,17,55,49,0,70,41,44,50,14,56,56,35,22
2017-04-01,55,1,10,4,14,9,22,17,1,5,3,1,17,0,12,43,74,13,76,0,26,0,0,19,0,0,0,1,41,91,16,36,29,0,31,6,36,0,33,11,63,26,0,64,38,38,45,11,50,60,30,22
2017-05-01,45,1,8,3,14,8,19,21,1,5,3,2,13,0,10,25,54,9,65,1,0,0,0,15,0,0,100,2,32,76,14,30,27,0,24,0,28,0,23,11,39,34,0,54,40,29,47,12,47,42,22,18
2017-06-01,39,1,8,3,11,12,15,21,1,6,8,2,17,0,8,55,0,8,64,1,44,0,0,11,0,0,32,2,27,55,12,22,18,0,21,0,27,0,18,6,43,31,0,44,32,27,28,10,35,35,21,16
2017-07-01,50,1,9,3,13,61,23,16,1,29,78,6,22,0,13,43,0,10,81,1,34,0,0,12,0,0,17,1,37,64,15,26,19,0,22,5,32,0,28,10,58,28,0,58,46,27,41,13,39,49,26,24
2017-08-01,39,1,8,3,12,5,25,13,1,8,1,8,10,0,10,26,0,8,47,1,22,0,0,12,0,0,18,1,30,60,13,21,17,0,20,0,27,0,23,11,44,26,0,47,27,30,28,0,31,42,25,15
2017-09-01,36,1,8,3,10,5,12,12,1,15,1,2,18,0,8,15,0,8,49,1,23,0,0,13,0,0,22,1,33,51,12,24,22,0,18,5,26,0,17,10,31,28,0,44,30,29,40,0,33,43,21,15
2017-10-01,37,1,7,3,11,6,10,12,1,15,1,1,11,0,8,36,0,8,47,1,21,0,0,16,0,0,11,1,33,46,12,20,16,0,18,0,25,0,17,6,35,29,0,46,33,28,33,0,34,41,97,17
2017-11-01,36,1,7,3,12,7,9,14,1,4,1,1,9,0,9,33,0,9,54,1,17,0,0,15,0,0,8,0,30,39,12,22,14,0,16,0,24,0,15,7,34,30,0,45,44,29,26,9,33,41,24,14
2017-12-01,38,1,8,3,11,9,8,12,1,8,1,1,13,0,6,29,0,9,47,1,0,0,0,10,0,0,3,1,34,39,13,18,13,0,17,0,24,0,16,8,31,26,0,47,31,21,33,9,33,45,24,15
2018-01-01,44,1,8,3,11,99,11,15,5,29,4,1,10,0,8,56,64,9,69,0,16,0,0,9,0,0,3,0,42,45,15,19,16,0,19,4,28,0,24,8,38,29,0,58,41,22,40,0,37,56,23,20
2018-02-01,39,1,7,3,11,9,11,20,18,29,1,1,4,1,8,23,0,12,53,0,0,0,10,9,0,0,2,0,45,41,15,18,21,0,17,0,28,0,20,8,33,19,0,52,28,25,28,0,34,53,24,17
2018-03-01,34,1,7,3,10,6,15,69,17,6,11,1,5,1,8,23,0,10,44,1,0,0,0,7,0,0,2,0,32,31,13,13,11,0,13,0,24,0,14,6,27,17,0,47,23,25,27,10,30,41,16,17
2018-04-01,24,0,5,3,10,5,18,19,1,8,0,1,15,2,6,10,0,9,31,0,15,0,0,5,0,0,1,0,19,21,9,10,6,0,10,0,15,0,10,5,25,0,0,31,22,20,30,0,25,32,13,11
2018-05-01,22,0,5,3,10,4,21,22,1,22,0,1,13,1,8,23,0,9,30,1,0,0,0,5,0,0,2,0,14,14,6,8,5,0,8,0,12,0,8,6,26,16,0,27,21,19,35,0,20,27,10,11
2018-06-01,21,1,5,3,9,5,14,21,0,12,1,2,18,3,4,17,0,7,32,0,0,0,0,6,0,0,2,0,13,12,5,10,4,0,7,0,12,0,9,6,19,12,0,31,13,25,22,8,20,35,13,9
2018-07-01,23,1,5,2,9,9,24,17,1,25,0,4,8,5,5,14,0,6,31,0,0,0,0,8,0,0,2,0,13,13,7,9,5,0,7,0,16,0,10,5,22,17,0,33,21,24,20,0,21,29,14,12
2018-08-01,22,1,4,2,8,8,39,16,1,3,0,5,8,5,4,11,0,7,26,0,0,0,0,8,0,0,2,0,15,14,8,18,8,0,7,0,11,0,9,4,16,0,0,32,21,18,19,0,20,29,13,9
2018-09-01,23,1,5,2,8,57,56,13,1,13,1,1,11,100,7,25,0,12,42,0,0,0,0,5,0,0,2,0,12,12,7,10,5,0,8,0,14,0,10,4,12,0,0,33,32,25,26,0,21,27,12,16
2018-10-01,18,0,4,3,7,4,12,12,2,19,0,1,5,2,7,0,0,11,26,1,0,0,0,5,0,0,2,0,10,9,6,10,4,0,5,0,9,0,7,4,11,0,0,26,15,18,0,0,21,26,9,11
2018-11-01,19,1,4,3,7,5,8,14,2,4,0,1,11,1,4,33,0,10,30,0,0,0,0,5,0,0,1,0,9,8,6,10,4,0,7,0,12,0,7,3,13,0,0,28,27,14,18,7,19,26,10,9
2018-12-01,28,1,6,2,11,5,9,12,2,4,0,1,8,1,4,19,0,9,28,1,0,0,0,9,0,0,2,0,14,11,7,12,7,0,8,0,15,0,8,6,22,16,0,27,18,28,17,0,26,31,12,12
2019-01-01,23,1,4,2,8,10,10,14,7,4,0,1,5,1,5,0,0,9,25,0,0,0,0,4,0,0,2,2,13,11,7,11,6,0,6,0,13,0,9,7,21,18,0,34,13,21,18,0,24,34,13,12
2019-02-01,24,1,4,3,7,48,11,19,64,17,0,1,9,1,6,13,0,13,43,1,0,0,0,3,0,0,2,1,12,10,8,11,5,0,5,0,15,0,10,6,11,18,0,28,29,17,23,0,21,28,11,11
2019-03-01,23,1,4,2,8,21,19,71,28,6,0,1,5,1,4,37,0,12,36,0,0,0,0,8,0,0,2,0,13,12,7,12,8,0,5,0,13,0,11,7,16,15,0,28,25,18,20,0,22,33,11,14
2019-04-01,19,0,3,2,8,5,34,19,1,13,0,2,6,0,4,10,0,10,26,1,0,0,0,4,0,0,2,0,10,10,7,12,5,0,5,0,10,0,7,4,10,0,0,20,20,14,16,7,22,24,8,10
2019-05-01,17,0,4,2,7,5,37,22,1,18,0,2,9,0,5,12,0,11,32,0,0,0,0,7,0,0,2,0,9,8,6,10,4,0,4,0,11,0,8,3,12,0,0,22,20,16,20,0,16,19,9,9
2019-06-01,18,0,4,2,7,7,24,20,1,16,0,1,13,0,3,38,0,10,30,1,0,0,0,52,1,0,1,1,12,9,6,10,4,0,4,0,10,0,6,5,12,12,0,25,21,18,15,0,19,25,68,8
2019-07-01,19,0,4,2,6,13,21,16,1,27,0,10,8,0,2,11,0,7,26,0,0,0,0,57,0,0,1,1,13,8,7,9,4,0,6,0,12,0,7,4,15,0,0,25,25,19,14,0,19,21,78,10
2019-08-01,19,0,4,2,6,52,17,14,1,4,0,7,4,1,3,0,0,10,30,1,0,0,0,39,0,0,1,1,13,9,6,11,4,0,4,0,14,0,10,5,8,0,0,26,22,17,15,0,19,25,50,11
2019-09-01,19,0,4,2,7,41,12,11,1,20,0,4,11,0,3,19,0,12,30,0,0,0,0,40,0,0,1,1,12,9,8,9,5,0,4,0,9,0,9,4,8,0,0,25,31,25,19,0,20,26,49,10
2019-10-01,17,0,3,2,7,5,12,12,1,23,0,1,15,0,4,0,0,12,33,0,0,0,0,21,0,0,2,1,11,8,9,13,7,0,5,0,11,0,10,6,10,11,0,23,19,21,14,0,21,29,27,9
2019-11-01,19,0,4,2,8,6,8,14,1,3,0,1,14,0,4,16,0,13,27,1,0,0,0,18,0,0,2,1,12,10,9,18,6,0,5,0,15,0,9,4,11,13,0,27,15,25,0,0,17,33,18,11
2019-12-01,20,0,3,2,7,6,8,12,2,4,0,4,8,0,3,42,0,10,25,0,0,0,0,12,0,0,1,0,12,10,9,14,5,0,5,0,17,0,8,6,12,0,0,26,14,16,12,0,19,28,19,9
2020-01-01,20,0,4,2,7,6,12,16,6,4,0,11,8,0,7,0,0,10,27,0,0,0,0,9,0,0,2,0,13,11,11,13,7,0,5,0,19,0,11,4,13,14,0,27,13,15,10,0,20,39,17,14
2020-02-01,23,0,4,2,7,9,10,18,30,24,0,72,14,0,7,0,0,13,31,0,18,0,0,21,0,0,2,0,14,14,12,16,7,0,5,0,15,0,14,5,12,0,0,30,21,15,18,0,20,38,27,12
2020-03-01,29,1,6,2,10,8,11,25,9,9,0,4,3,0,10,9,0,12,47,0,0,0,0,21,0,0,2,1,16,14,15,15,7,0,7,0,23,0,12,8,21,14,0,36,27,22,17,0,29,48,30,15
2020-04-01,37,1,7,2,16,8,12,9,1,33,0,3,3,0,7,10,0,16,55,0,0,0,0,34,0,0,3,1,23,20,18,22,11,0,11,6,32,0,18,10,29,23,0,55,35,29,23,0,47,67,45,25
2020-05-01,32,1,6,2,12,7,9,7,1,26,0,7,9,0,8,0,0,13,56,0,0,0,0,35,0,0,2,1,20,17,14,21,9,0,8,5,23,0,20,8,21,17,0,44,37,27,20,0,31,54,51,22
2020-06-01,25,0,4,2,9,8,9,10,1,12,0,100,8,0,10,20,0,12,54,0,0,0,0,34,0,0,1,1,16,11,11,20,6,0,6,0,22,0,14,6,12,11,0,34,29,20,13,0,24,36,43,15
2020-07-01,21,0,4,2,8,5,13,15,1,3,0,7,30,0,5,8,0,9,33,0,0,0,0,31,0,0,1,0,13,10,10,16,5,0,5,0,15,0,12,4,9,11,0,32,21,13,17,0,21,32,39,13
2020-08-01,19,0,3,2,7,5,33,11,1,25,0,4,22,0,3,0,0,10,36,0,0,0,0,24,0,0,1,1,12,9,11,16,7,0,4,0,13,0,12,3,11,0,0,21,20,13,14,0,19,23,30,11
2020-09-01,17,0,3,2,6,5,20,9,1,8,0,5,27,0,9,0,0,15,37,0,0,0,0,20,0,0,1,1,10,8,8,11,4,0,3,0,11,0,9,4,6,17,0,22,11,16,0,0,16,22,26,10
2020-10-01,17,0,3,2,5,4,14,8,1,27,0,28,28,0,6,9,0,14,35,0,0,0,0,11,0,0,1,0,10,8,8,11,4,0,3,0,12,0,9,4,9,0,0,22,13,12,12,0,14,23,18,9
2020-11-01,19,0,3,2,7,4,13,8,0,4,0,45,29,0,4,9,0,11,38,0,0,0,0,7,0,0,1,1,10,8,10,11,4,0,4,0,11,0,10,2,12,0,0,25,17,16,0,0,17,28,14,11
2020-12-01,23,1,4,2,7,4,9,8,1,2,0,51,44,0,2,13,0,9,36,0,0,0,0,9,0,100,1,0,12,10,11,12,6,0,5,0,18,0,11,5,13,0,0,31,19,14,11,0,22,32,16,11
2021-01-01,22,1,3,2,7,5,9,11,1,2,1,81,53,0,6,15,0,10,30,1,0,0,0,8,0,29,2,1,13,11,11,14,6,0,5,0,18,0,12,11,12,0,0,29,19,14,12,0,22,35,17,11
2021-02-01,22,0,5,2,7,5,13,12,26,2,0,60,4,0,6,0,0,13,35,0,0,0,0,4,0,26,2,0,13,11,12,15,6,0,4,4,18,0,16,11,10,0,0,29,17,19,14,0,22,35,14,11
2021-03-01,21,0,4,2,7,3,21,48,2,2,0,7,3,0,5,0,0,12,29,0,0,0,0,6,0,46,2,0,13,11,12,14,5,0,4,0,16,0,15,9,12,0,0,22,10,13,14,0,18,35,14,11
2021-04-01,22,0,4,2,8,5,17,16,1,2,0,51,18,0,5,8,47,13,34,0,0,0,0,10,1,33,1,1,12,10,12,10,5,0,4,0,18,0,19,6,10,12,0,25,17,15,11,0,21,34,19,11
2021-05-01,18,0,4,1,6,5,48,19,1,2,0,12,15,0,5,0,0,11,33,0,0,0,0,10,0,14,1,0,10,9,11,11,7,0,3,3,11,0,15,4,11,0,0,19,12,16,0,0,18,29,15,10
2021-06-01,14,0,3,1,7,3,20,17,0,21,0,42,3,0,3,0,0,10,24,0,0,0,0,11,0,4,1,0,8,8,10,8,4,0,3,0,10,0,11,3,6,0,0,15,0,14,11,0,12,19,12,7
2021-07-01,13,0,4,1,6,4,31,14,1,3,1,4,5,0,3,0,0,11,23,0,0,0,0,8,0,2,1,1,8,6,8,6,4,0,2,0,9,0,9,2,6,0,0,16,9,14,0,0,13,19,13,7
2021-08-01,12,0,3,1,6,3,20,11,0,17,1,5,10,0,2,0,0,9,17,0,0,0,0,13,0,2,1,0,8,7,9,7,3,0,2,0,9,0,9,2,5,0,0,14,10,15,0,0,11,20,17,7
2021-09-01,13,0,3,1,5,7,22,9,1,2,2,51,3,0,4,0,0,12,22,0,0,0,0,16,100,6,2,1,8,7,9,9,4,0,3,0,7,0,10,0,4,0,0,13,0,17,0,0,11,44,20,8
2021-10-01,13,0,3,2,6,45,18,9,1,1,36,19,5,0,3,0,0,14,26,0,0,0,0,11,30,4,1,0,8,6,10,7,3,0,2,0,8,0,13,6,6,0,0,14,14,15,0,0,12,25,18,8
2021-11-01,14,0,3,2,7,40,10,11,1,1,41,88,5,0,3,37,0,12,32,0,0,0,0,9,22,3,1,0,8,6,10,6,3,0,2,0,8,0,14,7,6,0,0,18,12,19,0,0,12,24,14,8
2021-12-01,13,0,3,1,6,4,13,11,1,1,1,90,2,0,2,9,0,10,21,0,0,0,0,8,23,2,1,0,8,6,10,6,3,0,2,0,8,0,8,5,5,0,0,18,0,17,0,0,12,17,13,6
2022-01-01,19,1,4,2,7,5,13,13,2,2,1,70,2,0,6,0,0,14,26,0,0,0,0,26,72,6,1,1,13,10,15,10,8,0,6,0,15,0,14,8,9,21,0,26,12,19,0,0,18,34,33,10
2022-02-01,20,1,3,2,10,9,13,15,47,2,6,74,2,1,7,12,0,19,42,0,0,0,0,36,43,4,2,0,13,11,16,10,7,0,4,3,14,0,16,5,8,0,0,30,15,29,18,0,19,30,37,11
2022-03-01,18,1,3,2,8,7,24,53,3,2,8,11,2,2,7,0,0,17,38,0,0,0,0,62,7,2,1,0,14,10,16,10,6,0,3,3,14,0,15,4,7,0,0,23,13,22,12,0,18,26,58,9
2022-04-01,16,1,3,2,7,22,26,18,1,2,23,27,3,0,5,7,40,19,30,0,12,0,0,73,6,2,1,0,13,9,15,8,6,0,3,0,16,0,16,3,5,0,0,19,15,26,7,0,15,23,70,7
2022-05-01,18,1,3,2,7,91,42,19,1,31,100,19,5,1,6,20,88,17,44,0,0,0,0,67,5,2,1,0,16,8,14,16,9,0,3,3,14,0,20,4,6,0,0,20,17,38,12,0,15,26,71,11
2022-06-01,16,1,3,1,7,6,26,18,1,3,2,77,12,0,5,21,0,11,32,0,0,0,0,100,5,2,1,0,16,8,13,16,10,0,3,0,12,0,14,3,6,0,0,22,9,29,11,0,16,22,100,11
2022-07-01,17,1,3,1,7,6,30,15,1,12,3,8,4,0,2,11,0,11,29,0,0,0,0,89,4,2,1,0,19,9,15,24,15,0,3,0,11,0,17,4,8,0,0,17,8,29,54,0,13,21,95,7
2022-08-01,17,1,3,1,8,6,22,13,1,37,42,73,3,0,5,7,0,10,25,0,17,0,0,76,6,2,1,1,17,10,15,18,12,0,3,3,12,0,22,3,9,0,0,18,16,25,30,0,16,22,75,7
2022-09-01,15,0,3,2,6,7,17,11,1,2,1,12,4,0,6,0,0,13,25,0,0,0,0,11,5,2,1,1,12,7,12,10,6,0,3,0,12,0,15,2,9,0,0,18,10,19,15,0,13,18,14,7
2022-10-01,14,0,2,2,6,20,17,11,1,2,2,22,6,0,4,0,0,15,27,0,10,0,0,5,5,2,1,0,8,5,12,6,4,0,1,0,9,0,14,3,9,0,0,19,8,18,0,0,13,17,7,5
2022-11-01,15,0,3,2,7,51,12,13,1,2,2,66,12,1,5,28,52,16,32,0,0,0,0,5,4,1,1,0,8,6,11,6,4,0,2,0,9,0,12,3,8,0,0,22,19,24,0,0,14,21,10,8
2022-12-01,13,0,2,1,6,4,10,12,1,1,1,68,5,0,3,0,0,12,18,0,0,0,0,3,3,1,1,0,7,6,12,5,4,0,2,0,9,0,11,2,7,0,0,19,0,11,0,0,12,17,6,6
2023-01-01,15,0,3,1,6,5,13,14,3,1,1,80,2,0,5,0,0,13,21,0,0,0,0,3,4,2,1,0,10,8,15,6,5,0,4,0,10,0,13,2,9,0,0,17,7,11,0,0,14,24,7,8
2023-02-01,18,1,3,2,8,10,20,18,38,2,1,14,3,0,4,7,0,18,36,0,0,0,0,5,5,3,1,1,13,11,19,7,12,0,4,3,13,0,20,4,9,0,0,24,11,16,0,0,16,35,7,9
2023-03-01,25,2,6,11,29,9,28,53,1,2,1,16,4,0,4,22,38,17,27,4,9,0,0,5,7,5,3,1,16,13,26,12,12,0,6,3,20,0,25,5,15,10,0,22,16,29,0,0,22,31,11,10
2023-04-01,24,1,3,6,9,26,27,18,1,7,1,32,9,0,5,9,35,17,29,2,0,0,0,5,10,6,3,2,22,19,30,16,16,0,7,4,25,0,44,4,12,0,0,24,11,19,0,0,22,35,13,13
2023-05-01,22,1,3,5,9,100,40,20,1,10,2,41,6,1,4,35,50,17,35,2,0,0,0,3,5,4,2,1,15,15,18,12,12,0,4,3,21,0,41,6,12,0,0,29,17,20,10,0,20,34,10,12
2023-06-01,16,1,3,8,9,7,27,18,1,2,1,75,9,0,2,12,0,12,22,6,0,0,0,3,4,4,2,1,13,12,15,7,8,0,4,0,13,0,25,4,10,0,0,16,5,17,0,0,15,24,6,8
2023-07-01,15,1,3,8,8,6,27,15,1,2,1,91,3,0,3,0,0,13,21,4,0,0,0,0,3,3,1,1,12,10,16,9,7,0,5,0,12,0,22,4,9,0,0,16,11,17,0,0,14,23,5,9
2023-08-01,15,1,3,11,11,6,18,14,1,2,1,8,2,0,7,14,0,12,29,6,0,0,0,3,4,2,2,1,12,10,14,8,7,0,4,0,15,3,21,4,3,0,0,22,10,17,0,0,14,26,6,8
2023-09-01,17,1,4,73,18,4,16,11,1,2,1,7,3,0,4,9,0,15,20,34,0,0,0,5,6,3,2,1,13,10,14,7,7,0,5,4,15,0,22,4,11,0,62,21,8,16,12,0,16,21,7,13
2023-10-01,11,1,3,71,13,3,16,12,1,2,1,28,4,0,4,10,0,14,19,34,0,0,0,2,7,4,2,2,13,11,16,7,7,0,4,3,13,0,20,4,7,0,0,10,6,17,0,0,13,16,5,7
2023-11-01,7,1,2,39,9,2,11,20,1,18,1,50,7,0,3,14,0,12,14,25,0,0,0,1,3,2,1,1,7,7,9,3,4,0,2,0,4,0,9,3,3,0,0,6,5,9,0,0,6,7,4,4
2023-12-01,6,1,2,35,9,2,12,17,1,20,1,47,8,0,4,20,0,11,11,21,0,0,0,1,3,1,1,0,5,5,8,2,3,0,1,0,4,0,7,0,5,0,32,6,0,9,0,0,6,9,2,3
2024-01-01,6,1,2,36,9,4,14,14,6,12,15,60,3,0,5,14,0,13,10,14,0,0,0,1,3,2,1,1,6,5,7,2,3,0,1,0,3,0,7,0,5,10,0,6,8,9,0,0,6,7,3,3
2024-02-01,8,1,2,57,11,6,16,18,46,4,21,12,3,0,5,8,0,19,13,51,0,0,0,1,4,1,1,1,8,7,11,3,5,0,2,0,9,0,25,0,0,0,0,10,11,12,0,0,9,9,3,4
2024-03-01,7,1,2,58,10,18,34,57,2,3,88,26,4,1,6,9,0,24,19,18,0,0,0,0,4,1,1,1,10,6,10,2,4,0,2,0,6,0,17,2,4,0,0,7,0,11,0,0,8,11,4,3
2024-04-01,6,1,2,49,9,4,32,22,1,26,5,8,6,0,4,7,0,20,14,29,0,0,0,1,4,2,2,1,11,5,8,4,4,0,1,0,7,0,12,0,5,0,0,5,8,7,0,0,7,6,2,3
2024-05-01,5,1,2,43,9,2,45,21,1,3,1,7,7,0,5,8,0,13,10,24,0,0,0,2,4,2,1,1,10,5,6,2,3,0,1,0,6,0,8,0,4,0,40,4,0,9,0,0,7,7,4,3
2024-06-01,5,1,2,44,11,2,32,19,1,2,1,74,11,0,4,0,0,13,10,40,0,0,0,1,5,3,1,1,10,4,6,1,3,0,1,0,4,0,6,0,0,0,37,5,0,6,0,0,7,6,2,2
2024-07-01,5,1,2,41,10,1,37,17,1,2,1,33,2,0,5,0,0,14,15,17,0,0,0,0,3,2,1,1,9,3,5,2,2,0,1,0,4,0,6,0,0,0,32,3,11,7,0,0,6,5,2,2
2024-08-01,6,1,2,51,12,2,18,13,2,2,1,74,2,0,6,0,0,14,9,25,0,0,0,0,3,2,2,1,11,5,6,3,3,0,2,0,5,0,8,0,3,0,51,6,0,8,0,0,7,7,2,2
2024-09-01,5,1,2,45,11,2,15,11,1,2,1,67,3,0,11,9,0,17,8,15,0,0,0,0,4,2,2,1,12,4,6,2,3,0,1,0,4,0,9,2,3,0,49,5,0,5,0,0,5,6,2,2
2024-10-01,5,1,2,55,10,1,14,12,3,2,1,34,5,0,7,0,0,20,10,46,0,0,0,0,8,5,2,1,12,5,6,2,3,0,1,0,4,0,6,0,3,0,100,5,0,6,0,0,6,6,2,3
2024-11-01,5,1,2,52,11,3,14,14,1,12,3,44,8,0,6,0,0,21,9,30,0,0,0,0,2,2,2,0,9,3,6,2,2,0,1,0,3,0,5,0,0,0,0,0,0,7,0,0,6,5,2,2
2024-12-01,6,1,2,61,11,7,15,14,2,16,6,9,2,1,4,0,0,18,7,15,0,0,0,2,3,3,1,1,11,4,6,2,3,0,0,0,5,0,6,0,0,0,0,5,0,10,0,0,7,5,2,3
2025-01-01,6,1,2,70,11,2,18,15,10,11,1,63,2,0,8,0,0,16,5,29,0,0,0,0,4,3,2,1,16,4,8,3,4,0,2,0,4,0,7,0,3,0,41,4,0,12,0,0,7,8,3,3
2025-02-01,7,1,2,84,12,2,19,20,43,3,2,10,3,0,5,0,0,23,10,19,0,0,0,1,5,4,2,1,23,6,9,5,5,0,2,0,9,0,9,0,4,0,75,6,0,9,0,0,8,9,3,3
2025-03-01,6,1,2,79,12,2,46,53,1,2,1,92,3,0,7,7,0,22,8,19,0,0,0,0,4,3,2,1,22,5,8,2,5,100,0,0,6,0,8,2,5,0,88,3,9,6,0,0,7,8,2,3
2025-04-01,6,1,1,73,12,1,55,22,1,16,2,16,3,0,7,0,0,20,6,23,0,0,0,0,4,3,2,1,19,5,7,3,5,0,1,0,7,0,6,0,0,0,73,4,0,6,0,0,6,5,2,3
2025-05-01,6,1,1,74,13,3,65,23,1,2,3,40,8,0,10,0,0,20,9,27,0,0,0,1,6,3,2,1,19,6,8,3,4,0,1,0,3,0,5,0,0,0,38,4,10,9,0,0,7,7,3,2
2025-06-01,6,1,2,82,13,10,38,19,1,2,2,44,3,2,5,8,0,24,10,13,0,0,0,1,5,3,2,1,17,6,7,2,4,0,2,0,5,0,5,0,0,0,43,3,8,6,0,0,6,7,2,3
2025-07-01,5,1,2,80,14,2,60,17,1,3,3,26,3,0,8,7,0,27,13,58,0,0,0,1,5,3,2,1,16,6,8,4,5,0,1,0,4,0,5,0,3,0,73,5,8,14,0,0,5,6,2,3
2025-08-01,6,2,3,92,18,2,91,19,1,5,4,92,3,1,8,0,0,85,14,72,0,0,0,2,7,4,4,3,17,7,9,3,4,0,2,0,4,0,6,0,0,0,77,3,10,51,0,0,7,5,3,1
2025-09-01,5,2,3,85,21,2,100,16,1,6,14,83,4,0,9,0,0,100,10,66,0,0,0,1,8,5,4,2,15,6,9,2,4,0,1,3,5,0,6,0,3,0,86,3,7,63,0,0,6,6,2,2
2025-10-01,6,2,2,100,25,2,70,15,1,4,14,65,5,0,8,2,0,54,10,100,0,0,0,1,14,13,5,2,23,9,22,6,5,0,1,1,4,2,5,0,1,0,6,1,1,42,1,0,5,5,1,1
2025-11-01,6,1,1,99,14,2,31,15,1,2,3,8,18,0,4,0,0,15,7,28,0,0,0,0,16,15,5,2,23,11,19,5,4,0,0,0,5,0,4,0,0,0,0,0,0,10,0,0,5,4,4,2
